executable	suite	status	exit_code
bench-threads-2-arm-double-novector	threads	ok	0
bench-threads-2-arm-double-novector	size	ok	0
bench-threads-2-arm-double-novector	threads-size	ok	0
bench-threads-2-arm-double-vector	threads	ok	0
bench-threads-2-arm-double-vector	size	ok	0
bench-threads-2-arm-double-vector	threads-size	ok	0
bench-threads-2-arm-single-novector	threads	ok	0
bench-threads-2-arm-single-novector	size	ok	0
bench-threads-2-arm-single-novector	threads-size	ok	0
bench-threads-2-arm-single-vector	threads	ok	0
bench-threads-2-arm-single-vector	size	ok	0
bench-threads-2-arm-single-vector	threads-size	ok	0
